{"cameraMode":{"drawMode":0,"name":"Shaded","section":"Shading Mode"},"sceneLighting":true,"audioPlay":false,"sceneViewState":{"showFog":true,"showMaterialUpdate":false,"showSkybox":true,"showFlares":true,"showImageEffects":true,"showParticleSystems":true},"in2DMode":false,"pivot":{"x":562.4790649414063,"y":256.3394775390625,"z":-15.2099609375},"rotation":{"x":-0.013499575667083264,"y":-0.0014998738188296557,"z":-0.000020250889065209776,"w":0.9999081492424011},"size":574.6318359375,"orthographic":true}