{"cameraMode":{"drawMode":0,"name":"Shaded","section":"Shading Mode"},"sceneLighting":true,"audioPlay":false,"sceneViewState":{"showFog":true,"showMaterialUpdate":false,"showSkybox":true,"showFlares":true,"showImageEffects":true,"showParticleSystems":true},"in2DMode":false,"pivot":{"x":287.9411315917969,"y":175.9829864501953,"z":115.06442260742188},"rotation":{"x":0.0209973081946373,"y":0.010497475042939186,"z":-0.00022047944366931915,"w":0.9997245073318481},"size":899.83837890625,"orthographic":false}