{"cameraMode":{"drawMode":0,"name":"Shaded","section":"Shading Mode"},"sceneLighting":true,"audioPlay":false,"sceneViewState":{"showFog":true,"showMaterialUpdate":false,"showSkybox":true,"showFlares":true,"showImageEffects":true,"showParticleSystems":true},"in2DMode":false,"pivot":{"x":557.5801391601563,"y":271.984619140625,"z":-26.92917823791504},"rotation":{"x":0.023983439430594446,"y":0.03448322042822838,"z":-0.0008277475135400891,"w":0.9991182088851929},"size":849.58251953125,"orthographic":true}